{"cameraMode":{"drawMode":0,"name":"Shaded","section":"Shading Mode"},"sceneLighting":true,"audioPlay":false,"sceneViewState":{"m_AlwaysRefresh":false,"showFog":true,"showSkybox":true,"showFlares":true,"showImageEffects":true,"showParticleSystems":true,"showVisualEffectGraphs":true,"m_FxEnabled":true},"in2DMode":false,"pivot":{"x":15.309375762939454,"y":-8.346165657043457,"z":1.0959686040878297},"rotation":{"x":0.19936195015907288,"y":0.6084966659545898,"z":-0.16154973208904267,"w":0.7509368062019348},"size":15.978985786437989,"orthographic":false}